"";"NES";"AUC";"TF_highConf";"nEnrGenes";"enrichedGenes"
"1";5,65;0,0853;"";15;"CALM2;CFP;COPS9;DYNLT1;EVI2B;FKBP1A;GLIPR1;HMGB2;LY96;MNDA;PSMB6;PSMB8;PSMB9;REEP5;TRAPPC5"
"2";5,6;0,0846;"";12;"CALM2;CFP;EVI2B;FKBP1A;GLIPR1;MNDA;NDUFC2;PSMB6;PSMB8;PSMB9;TKT;TRAPPC5"
"3";5,54;0,0839;"KLF17; KLF18 (inferredBy_Orthology). ";13;"CALM2;CFP;COPS9;DYNLT1;EVI2B;FKBP1A;GLIPR1;LY96;MNDA;PSMB6;PSMB8;PSMB9;TRAPPC5"
"4";5,43;0,0825;"SPIB (directAnnotation). ";6;"CFP;CORO1A;EVI2B;GLIPR1;PLBD1;SLC7A7"
"5";5,42;0,0824;"SPIB (directAnnotation). ";11;"C3AR1;CD37;CFP;CORO1A;EVI2B;GLIPR1;HSBP1;NRG1;PHC2;PLBD1;TKT"
"6";5,33;0,0813;"";14;"CALM2;CFP;COPS9;DYNLT1;EVI2B;FKBP1A;GLIPR1;LY96;MNDA;NRG1;PSMB6;PSMB8;PSMB9;TRAPPC5"
"7";5,16;0,0792;"";14;"CALM2;CFP;COPS9;DYNLT1;EVI2B;FKBP1A;GLIPR1;LY96;MNDA;PSMB6;PSMB8;PSMB9;SLC7A7;TRAPPC5"
"8";5,16;0,0792;"FOXA1 (directAnnotation). ";5;"CD37;CLIC1;COTL1;MSRB2;VAMP5"
"9";5,11;0,0785;"";6;"ASGR1;BLVRB;C3AR1;CFP;GCA;NKG7"
"10";5,07;0,078;"ETS1; ZNF354C (directAnnotation). ";5;"GMFG;IFI16;JDP2;NKG7;PHC2"
"11";4,96;0,0767;"";15;"CALM2;CFP;COPS9;COTL1;DYNLT1;EVI2B;FKBP1A;GLIPR1;LY96;MNDA;PRELID1;PSMB6;PSMB8;PSMB9;TRAPPC5"
"12";4,87;0,0755;"SPI1 (directAnnotation). ";6;"C3AR1;CD37;CORO1A;EVI2B;GLIPR1;PLBD1"
"13";4,84;0,0751;"";13;"CALM2;CFP;COPS9;DYNLT1;EVI2B;FKBP1A;GLIPR1;LY96;MNDA;PSMB6;PSMB8;PSMB9;TRAPPC5"
"14";4,82;0,0748;"";14;"ASGR1;CALM2;CFP;COPS9;DYNLT1;EVI2B;FKBP1A;GLIPR1;LY96;MNDA;PSMB6;PSMB8;PSMB9;TRAPPC5"
"15";4,79;0,0745;"IRF9 (directAnnotation). ";17;"ASGR1;C3AR1;CALM2;CNIH4;DYNLT1;GLIPR1;IFI16;MNDA;MSRB2;NKG7;NRG1;PHC2;PSMA2;PSMB8;PSMB9;SLC7A7;TKT"
"16";4,7;0,0733;"SPIB (directAnnotation). ";4;"CORO1A;EVI2B;GLIPR1;PLBD1"
"17";4,7;0,0733;"RUNX1 (directAnnotation). ";10;"BAX;CLIC1;CORO1A;GCA;GMFG;IFI16;JDP2;NKG7;PHC2;ZNHIT1"
"18";4,64;0,0726;"";14;"CALM2;CFP;COPS9;CSTA;DYNLT1;EVI2B;FKBP1A;GLIPR1;LY96;MNDA;PSMB6;PSMB8;PSMB9;TRAPPC5"
"19";4,6;0,0721;"";15;"CALM2;CFP;COPS9;DYNLT1;EVI2B;FKBP1A;GLIPR1;LY96;MNDA;PHC2;PSMB6;PSMB8;PSMB9;TRAPPC5;ZNHIT1"
"20";4,57;0,0717;"";14;"CALM2;CFP;COPS9;DYNLT1;EVI2B;FKBP1A;GLIPR1;JDP2;LY96;MNDA;PSMB6;PSMB8;PSMB9;TRAPPC5"
"21";4,56;0,0716;"";13;"CALM2;CFP;COPS9;DYNLT1;EVI2B;FKBP1A;GLIPR1;LY96;MNDA;PSMB6;PSMB8;PSMB9;TRAPPC5"
"22";4,51;0,071;"";15;"CALM2;CFP;COPS9;COTL1;DYNLT1;EVI2B;FKBP1A;GLIPR1;LY96;MNDA;NRG1;PSMB6;PSMB8;PSMB9;TRAPPC5"
"23";4,47;0,0705;"";4;"CORO1A;EVI2B;GLIPR1;PLBD1"
"24";4,46;0,0703;"ZNF702P (directAnnotation). ";10;"ASGR1;DYNLT1;EVI2B;JDP2;KRT10;NRG1;PHC2;SLC7A7;TKT;ZNHIT1"
"25";4,46;0,0703;"IRF8 (directAnnotation). ";10;"C3AR1;DYNLT1;IFI16;MNDA;NRG1;PHC2;PSMA2;PSMB8;PSMB9;SLC7A7"
"26";4,45;0,0702;"";13;"CALM2;CFP;COPS9;DYNLT1;EVI2B;FKBP1A;GLIPR1;LY96;MNDA;PSMB6;PSMB8;PSMB9;TRAPPC5"
"27";4,45;0,0702;"";14;"CALM2;CFP;COPS9;DYNLT1;EVI2B;FKBP1A;GCA;GLIPR1;LY96;MNDA;PSMB6;PSMB8;PSMB9;TRAPPC5"
"28";4,42;0,0698;"";14;"CALM2;CFP;COPS9;DYNLT1;EVI2B;FKBP1A;GLIPR1;LY96;MNDA;PSMB6;PSMB8;PSMB9;REEP5;TRAPPC5"
"29";4,41;0,0697;"THAP1 (directAnnotation). ";12;"BAX;COTL1;CSTA;GCA;JDP2;NRG1;PHC2;REEP5;SLC7A7;STX10;TNFSF13B;ZNHIT1"
"30";4,41;0,0697;"";13;"CALM2;CFP;COPS9;DYNLT1;EVI2B;FKBP1A;GLIPR1;LY96;MNDA;PSMB6;PSMB8;PSMB9;TRAPPC5"
"31";4,4;0,0696;"FOXA3 (directAnnotation). ";5;"CD37;CLIC1;COTL1;MSRB2;VAMP5"
"32";4,4;0,0696;"IRF8 (directAnnotation). ";8;"C3AR1;COPS9;DYNLT1;MNDA;NRG1;PSMA2;PSMB8;PSMB9"
"33";4,35;0,069;"";15;"CALM2;CFP;COPE;COPS9;DYNLT1;EVI2B;FKBP1A;GLIPR1;LY96;MNDA;POLE4;PSMB6;PSMB8;PSMB9;TRAPPC5"
"34";4,33;0,0687;"ELK1; EOMES (directAnnotation). ";4;"CORO1A;HMGB2;HSBP1;PRELID1"
"35";4,3;0,0683;"";10;"BLVRB;C1orf162;CNIH4;COTL1;JDP2;NRG1;PHC2;PLBD1;REEP5;SLC7A7"
"36";4,28;0,068;"E2F1 (directAnnotation). ";6;"C3AR1;EVI2B;GCA;NRG1;SLC7A7;TNFSF13B"
"37";4,27;0,0679;"SPIB (directAnnotation). ";5;"CFP;CORO1A;EVI2B;GLIPR1;SLC7A7"
"38";4,25;0,0677;"ZNF674 (directAnnotation). ";6;"COTL1;IFITM2;JDP2;KRT10;PHC2;REEP5"
"39";4,24;0,0676;"";4;"NRG1;PHC2;SLC7A7;TRAPPC5"
"40";4,18;0,0668;"RARA (inferredBy_Orthology). ";10;"BLVRB;CALM2;CKLF;FBP1;GCA;JDP2;NRG1;PHC2;SLC7A7;TKT"
"41";4,13;0,0662;"TBX20 (inferredBy_Orthology). ";6;"BLVRB;JDP2;NDUFC2;NKG7;PHC2;SLC7A7"
"42";4,1;0,0658;"ERF; ETV3; ETV3L (inferredBy_Orthology). ";5;"EVI2B;HSBP1;MYL12A;PRELID1;ZNHIT1"
"43";4,09;0,0657;"ETV1; ETV4; ETV5 (inferredBy_Orthology). ";8;"CALM2;EVI2B;HSBP1;LY96;MYL12A;PRELID1;SLC7A7;ZNHIT1"
"44";4,07;0,0655;"SPI1 (directAnnotation). ";6;"C3AR1;CD37;CORO1A;EVI2B;GLIPR1;PLBD1"
"45";4,06;0,0654;"";5;"CALM2;GCA;JDP2;NRG1;SLC7A7"
"46";4,06;0,0653;"SPIB (directAnnotation). ";7;"CFP;CORO1A;EVI2B;GLIPR1;PHC2;PLBD1;SLC7A7"
"47";4,05;0,0652;"ZNF599 (directAnnotation). ";5;"CSTA;DYNLT1;NRG1;PHC2;TKT"
"48";4,02;0,0649;"";6;"COPE;EVI2B;FKBP1A;MYL12A;PRELID1;ZNHIT1"
"49";4,02;0,0648;"CTCF (directAnnotation). ";6;"BLVRB;FKBP1A;MYL12A;PHC2;SLC7A7;VAMP5"
"50";4,01;0,0647;"IRF8 (directAnnotation). ";10;"C3AR1;DYNLT1;IFI16;MNDA;NRG1;PHC2;PSMA2;PSMB8;PSMB9;SLC7A7"
"51";4;0,0646;"IRF1 (inferredBy_Orthology). ";4;"PSMA2;PSMB8;PSMB9;SLC7A7"
"52";3,99;0,0644;"POU1F1 (directAnnotation). ";15;"CNIH4;CSTA;DYNLT1;EVI2B;GCA;HMGB2;KRT10;LY96;MNDA;NRG1;PLBD1;POLE4;REEP5;SLC7A7;TNFSF13B"
"53";3,98;0,0644;"PAX4 (inferredBy_Orthology). ";15;"CALM2;CFP;COPS9;DYNLT1;EVI2B;FKBP1A;GLIPR1;LY96;MNDA;NRG1;PSMB6;PSMB8;PSMB9;SLC7A7;TRAPPC5"
"54";3,92;0,0635;"";8;"CALM2;CFP;EVI2B;FKBP1A;GLIPR1;PSMB6;PSMB8;PSMB9"
"55";3,9;0,0634;"FOXI1 (directAnnotation). ";5;"CALM2;COTL1;GCA;HMGB2;JDP2"
"56";3,89;0,0632;"FOXI1 (directAnnotation). ";5;"CALM2;COTL1;GCA;HMGB2;JDP2"
"57";3,88;0,063;"CEBPB (directAnnotation). ";5;"BLVRB;GCA;JDP2;NRG1;SLC7A7"
"58";3,87;0,0629;"ZBTB32 (directAnnotation). ";5;"CALM2;MYL12A;NRG1;PHC2;TNFSF13B"
"59";3,87;0,0629;"";6;"BLVRB;CALM2;JDP2;KRT10;NRG1;PHC2"
"60";3,85;0,0627;"OSR2 (directAnnotation). ";17;"ASGR1;BLVRB;CALM2;CD37;CFP;CSTA;EVI2B;FKBP1A;LY96;MSRB2;NKG7;NRG1;PSMB6;PSMB8;PSMB9;SLC7A7;VAMP5"
"61";3,82;0,0623;"ZBTB32 (directAnnotation). ";5;"CALM2;MYL12A;NRG1;PHC2;TNFSF13B"
"62";3,8;0,062;"NKX2-5 (directAnnotation). ";3;"CSTA;MYL12A;VAMP5"
"63";3,79;0,0619;"HMX2 (directAnnotation). ";6;"CSTA;GCA;MYL12A;NRG1;SLC7A7;VAMP5"
"64";3,78;0,0618;"ZNF197 (directAnnotation). ";13;"CALM2;CFP;COPS9;DYNLT1;EVI2B;FKBP1A;GLIPR1;LY96;MNDA;PSMB6;PSMB8;PSMB9;TRAPPC5"
"65";3,76;0,0616;"IRF1 (directAnnotation). ";14;"C3AR1;CALM2;CNIH4;DYNLT1;KRT10;MNDA;NRG1;PHC2;PSMA2;PSMB8;PSMB9;REEP5;SLC7A7;TNFSF13B"
"66";3,75;0,0615;"IRF4 (directAnnotation). ";11;"C3AR1;COPS9;DYNLT1;IFITM2;MNDA;NRG1;PHC2;PSMA2;PSMB8;PSMB9;SLC7A7"
"67";3,73;0,0611;"";4;"BLVRB;GCA;NRG1;PHC2"
"68";3,72;0,061;"FOXA1 (directAnnotation). ";4;"CD37;CLIC1;COTL1;VAMP5"
"69";3,71;0,061;"";14;"C3AR1;CFP;CORO1A;EVI2B;FKBP1A;GLIPR1;HSBP1;NRG1;PHC2;PLBD1;REEP5;SLC7A7;TKT;TNFSF13B"
"70";3,71;0,0609;"";13;"CALM2;CFP;COPS9;DYNLT1;EVI2B;FKBP1A;GLIPR1;LY96;MNDA;PSMB6;PSMB8;PSMB9;TRAPPC5"
"71";3,7;0,0608;"IRF2 (directAnnotation). ";4;"PSMA2;PSMB8;PSMB9;TNFSF13B"
"72";3,7;0,0608;"";13;"CALM2;CFP;COPS9;DYNLT1;EVI2B;FKBP1A;GLIPR1;LY96;MNDA;PSMB6;PSMB8;PSMB9;TRAPPC5"
"73";3,69;0,0607;"ZFP1 (directAnnotation). ";13;"CALM2;CFP;COPS9;DYNLT1;EVI2B;FKBP1A;GLIPR1;LY96;MNDA;PSMB6;PSMB8;PSMB9;TRAPPC5"
"74";3,68;0,0605;"SP3 (inferredBy_Orthology). ";4;"BLVRB;CLIC1;HMGB2;NRG1"
"75";3,68;0,0605;"SP6 (inferredBy_Orthology). ";4;"BLVRB;CLIC1;HMGB2;NRG1"
"76";3,67;0,0605;"IRF1 (directAnnotation). ";6;"DYNLT1;PSMA2;PSMB8;PSMB9;SLC7A7;TNFSF13B"
"77";3,67;0,0605;"SP2 (directAnnotation). ";4;"BLVRB;CLIC1;HMGB2;NRG1"
"78";3,66;0,0603;"SP6 (directAnnotation). ";4;"BLVRB;CLIC1;HMGB2;NRG1"
"79";3,65;0,0601;"NKX2-3 (directAnnotation). ";10;"CSTA;FKBP1A;GCA;HSBP1;KRT10;MSRB2;MYL12A;NRG1;SLC7A7;VAMP5"
"80";3,64;0,0601;"";5;"ASGR1;BLVRB;CORO1A;SLC7A7;TKT"
"81";3,63;0,0599;"KLF6 (directAnnotation). ";4;"BLVRB;CLIC1;HMGB2;NRG1"
"82";3,62;0,0597;"KLF2 (inferredBy_Orthology). ";4;"BLVRB;CLIC1;HMGB2;NRG1"
"83";3,6;0,0595;"ELK1 (inferredBy_Orthology). ";6;"CORO1A;EVI2B;HSBP1;MYL12A;PRELID1;ZNHIT1"
"84";3,59;0,0595;"HMX2 (directAnnotation). ";6;"CSTA;GCA;MYL12A;NRG1;SLC7A7;VAMP5"
"85";3,59;0,0594;"IRF9 (directAnnotation). ";16;"ASGR1;C3AR1;DYNLT1;EVI2B;IFI16;MNDA;MSRB2;NKG7;NRG1;PHC2;PSMA2;PSMB8;PSMB9;SLC7A7;TKT;ZNHIT1"
"86";3,59;0,0594;"KLF6 (inferredBy_Orthology). ";4;"BLVRB;CLIC1;HMGB2;NRG1"
"87";3,58;0,0593;"";7;"BAX;C3AR1;COTL1;GMFG;HSBP1;NDUFC2;TALDO1"
"88";3,58;0,0593;"";14;"CALM2;CFP;COPS9;DYNLT1;EVI2B;FKBP1A;GLIPR1;JDP2;LY96;MNDA;PSMB6;PSMB8;PSMB9;TRAPPC5"
"89";3,58;0,0593;"";15;"CALM2;CFP;COPS9;DYNLT1;EVI2B;FKBP1A;GLIPR1;LY96;MNDA;NRG1;PSMB6;PSMB8;PSMB9;SLC7A7;TRAPPC5"
"90";3,58;0,0593;"RFX5 (directAnnotation). ";6;"CALM2;COTL1;DYNLT1;GCA;HMGB2;JDP2"
"91";3,57;0,0591;"GABPA (inferredBy_Orthology). ";6;"CORO1A;EVI2B;HSBP1;MYL12A;PRELID1;ZNHIT1"
"92";3,57;0,0591;"EBF4 (directAnnotation). ";17;"CALM2;CFP;COPS9;COTL1;COX7A2;EVI2B;FKBP1A;HMGB2;IFITM2;LY96;MSRB2;NRG1;PLBD1;PSMB6;PSMB8;PSMB9;ZNHIT1"
"93";3,56;0,0591;"ZNF274 (directAnnotation). ";5;"CFP;COTL1;NRG1;PSMA2;SLC7A7"
"94";3,56;0,0591;"SPIB (directAnnotation). ";11;"CALM2;CD37;CFP;CORO1A;EVI2B;GLIPR1;HSBP1;PHC2;PLBD1;SLC7A7;TKT"
"95";3,56;0,059;"FOS; FOSB; FOSL1; FOSL2; JUN; JUNB; JUND; PPARG (directAnnotation). ";10;"BLVRB;CALM2;CD37;GCA;HSBP1;JDP2;MSRB2;NRG1;SLC7A7;TNFSF13B"
"96";3,55;0,0589;"KLF2 (directAnnotation). ";4;"BLVRB;CLIC1;HMGB2;NRG1"
"97";3,55;0,0588;"";5;"C3AR1;CNIH4;COX7A2;CSTA;TNFSF13B"
"98";3,54;0,0588;"";13;"CALM2;CFP;COPS9;DYNLT1;EVI2B;FKBP1A;GLIPR1;LY96;MNDA;PSMB6;PSMB8;PSMB9;TRAPPC5"
"99";3,54;0,0588;"RARA (inferredBy_Orthology). ";10;"BLVRB;CALM2;CKLF;FBP1;GCA;JDP2;NRG1;PHC2;SLC7A7;TKT"
"100";3,51;0,0585;"IRF9 (directAnnotation). ";7;"C3AR1;DYNLT1;MNDA;NRG1;PSMA2;PSMB8;PSMB9"
"101";3,51;0,0585;"ERF; ETV3; ETV3L (inferredBy_Orthology). ";6;"EVI2B;FKBP1A;HSBP1;MYL12A;PRELID1;ZNHIT1"
"102";3,51;0,0584;"EBF4 (inferredBy_Orthology). ";5;"HMGB2;LY96;MSRB2;NRG1;ZNHIT1"
"103";3,5;0,0583;"CEBPB (directAnnotation). ";5;"COTL1;JDP2;NRG1;PHC2;PLBD1"
"104";3,5;0,0583;"IRF9 (directAnnotation). ";12;"C3AR1;DYNLT1;GLIPR1;IFI16;JDP2;MNDA;NRG1;PHC2;PSMA2;PSMB8;PSMB9;SLC7A7"
"105";3,49;0,0581;"ZNF436 (directAnnotation). ";4;"BLVRB;MYL12A;NRG1;PHC2"
"106";3,48;0,058;"IRF8 (directAnnotation). ";15;"C3AR1;COPS9;DYNLT1;GLIPR1;HSBP1;IFI16;KRT10;MNDA;MSRB2;NRG1;PHC2;PSMA2;PSMB8;PSMB9;TKT"
"107";3,48;0,058;"";7;"BLVRB;COTL1;JDP2;NRG1;PHC2;PLBD1;SLC7A7"
"108";3,48;0,058;"SPI1 (directAnnotation). ";15;"C3AR1;CD37;CFP;CORO1A;EVI2B;FKBP1A;GLIPR1;GMFG;HSBP1;JDP2;PHC2;PLBD1;SLC7A7;TKT;TNFSF13B"
"109";3,46;0,0578;"SP4 (inferredBy_Orthology). ";6;"BLVRB;CLIC1;HSBP1;KRT10;TRAPPC5;ZNHIT1"
"110";3,45;0,0577;"FOXB1; FOXB2 (inferredBy_Orthology). ";5;"CD37;CLIC1;COTL1;MSRB2;VAMP5"
"111";3,45;0,0576;"IRF2 (directAnnotation). ";7;"DYNLT1;KRT10;PHC2;PSMA2;PSMB8;PSMB9;SLC7A7"
"112";3,44;0,0575;"NKX2-3 (directAnnotation). ";6;"CSTA;GCA;MYL12A;NRG1;SLC7A7;VAMP5"
"113";3,43;0,0574;"CEBPB (directAnnotation). ";4;"BLVRB;JDP2;NRG1;SLC7A7"
"114";3,41;0,0572;"ARID3A; EBF1 (directAnnotation). ";4;"GCA;HSBP1;NRG1;PHC2"
"115";3,41;0,0571;"HES7; TFAP2C (directAnnotation). ";4;"JDP2;NRG1;PHC2;TRAPPC5"
"116";3,4;0,057;"CEBPB (directAnnotation). ";10;"COTL1;GCA;HMGB2;JDP2;LY96;MNDA;NRG1;PHC2;PLBD1;SLC7A7"
"117";3,4;0,057;"GABPA (directAnnotation). ";6;"CORO1A;EVI2B;HSBP1;MYL12A;PRELID1;ZNHIT1"
"118";3,4;0,057;"";4;"FKBP1A;GCA;MYL12A;VAMP5"
"119";3,4;0,057;"CEBPB (directAnnotation). ";6;"BLVRB;GCA;JDP2;NRG1;REEP5;SLC7A7"
"120";3,39;0,0569;"KLF17 (directAnnotation). ";4;"BLVRB;CLIC1;HMGB2;NRG1"
"121";3,39;0,0569;"FOXA3 (directAnnotation). ";4;"CD37;CLIC1;COTL1;VAMP5"
"122";3,39;0,0568;"ZNF184 (directAnnotation). ";4;"COTL1;COX7A2;MSRB2;NDUFC2"
"123";3,38;0,0567;"ELK1 (directAnnotation). ";5;"EVI2B;HSBP1;MYL12A;PRELID1;ZNHIT1"
"124";3,38;0,0567;"";9;"ASGR1;COPE;JDP2;NDUFC2;NRG1;PHC2;REEP5;SLC7A7;TKT"
"125";3,37;0,0566;"";4;"C3AR1;JDP2;PHC2;REEP5"
"126";3,36;0,0566;"PAX4 (directAnnotation). ";15;"CALM2;CFP;COPS9;DYNLT1;EVI2B;FKBP1A;GLIPR1;LY96;MNDA;NRG1;PSMB6;PSMB8;PSMB9;SLC7A7;TRAPPC5"
"127";3,36;0,0566;"ETV2; FOXO6 (directAnnotation). ";4;"HMGB2;MYL12A;NRG1;ZNHIT1"
"128";3,36;0,0565;"FOXD2 (directAnnotation). ";3;"CD37;CLIC1;VAMP5"
"129";3,35;0,0564;"ISX (directAnnotation). ";4;"ASGR1;C3AR1;NRG1;PHC2"
"130";3,35;0,0564;"CEBPB (inferredBy_Orthology). ";11;"BLVRB;COTL1;GCA;HMGB2;JDP2;LY96;MNDA;NRG1;PHC2;PLBD1;SLC7A7"
"131";3,35;0,0564;"FOXB1 (directAnnotation). ";7;"CD37;CLIC1;GCA;HMGB2;PHC2;SLC7A7;VAMP5"
"132";3,35;0,0563;"SOX9 (directAnnotation). ";8;"ASGR1;CALM2;CFP;CNIH4;GLIPR1;JDP2;NRG1;TKT"
"133";3,34;0,0563;"KLF17 (inferredBy_Orthology). ";4;"BLVRB;CLIC1;HMGB2;NRG1"
"134";3,34;0,0563;"SPIC (inferredBy_Orthology). ";5;"CD37;CORO1A;EVI2B;GLIPR1;PLBD1"
"135";3,34;0,0562;"FEZF1 (directAnnotation). ";5;"C1orf162;FKBP1A;NRG1;PHC2;SLC7A7"
"136";3,33;0,0561;"CEBPA (directAnnotation). ";14;"BLVRB;C3AR1;CNIH4;CSTA;GCA;GLIPR1;JDP2;LY96;MNDA;NRG1;PHC2;PLBD1;TALDO1;TNFSF13B"
"137";3,33;0,0561;"";4;"C3AR1;JDP2;PHC2;REEP5"
"138";3,32;0,0561;"GRHL1 (directAnnotation). ";8;"CLIC1;DYNLT1;FBP1;FKBP1A;HMGB2;NRG1;PLBD1;SLC7A7"
"139";3,32;0,056;"ELK3 (inferredBy_Orthology). ";3;"MYL12A;PRELID1;ZNHIT1"
"140";3,32;0,056;"ELK1; FOXI1 (directAnnotation). ";11;"C3AR1;EVI2B;FBP1;FKBP1A;GCA;HMGB2;HSBP1;MYL12A;REEP5;SLC7A7;ZNHIT1"
"141";3,31;0,0559;"CEBPB (directAnnotation). ";6;"BLVRB;GCA;JDP2;NRG1;SLC7A7;TKT"
"142";3,31;0,0559;"";5;"GCA;JDP2;NRG1;SLC7A7;TNFSF13B"
"143";3,31;0,0558;"ZNF334 (directAnnotation). ";5;"CALM2;HMGB2;JDP2;POLE4;SLC7A7"
"144";3,31;0,0558;"FOXD1 (directAnnotation). ";8;"CD37;GCA;HMGB2;HSBP1;NRG1;PHC2;POLE4;SLC7A7"
"145";3,31;0,0558;"";5;"CORO1A;HSBP1;NRG1;PHC2;SLC7A7"
"146";3,3;0,0557;"";6;"CORO1A;FKBP1A;HMGB2;PLBD1;SLC7A7;TKT"
"147";3,29;0,0556;"GABPA (directAnnotation). ";6;"CORO1A;EVI2B;HSBP1;MYL12A;PRELID1;ZNHIT1"
"148";3,28;0,0555;"IRF5 (directAnnotation). ";14;"C3AR1;CSTA;DYNLT1;IFI16;IFITM2;JDP2;MNDA;NRG1;PHC2;PSMA2;PSMB8;PSMB9;SLC7A7;TKT"
"149";3,28;0,0555;"";3;"CALM2;NRG1;SLC7A7"
"150";3,27;0,0554;"";5;"CORO1A;HSBP1;MYL12A;PRELID1;ZNHIT1"
"151";3,27;0,0554;"";5;"BLVRB;CSTA;HSBP1;PHC2;SLC7A7"
"152";3,27;0,0554;"YY1; YY2 (inferredBy_Orthology). ";14;"BAX;CALM2;COTL1;CSTA;EIF1AY;GCA;HMGB2;IFITM2;JDP2;LY96;SLC7A7;STX10;TRMT1;ZNHIT1"
"153";3,26;0,0553;"ZNF761 (directAnnotation). ";5;"COPS9;COTL1;CSTA;NKG7;TKT"
"154";3,26;0,0553;"";4;"BLVRB;NKG7;PHC2;SLC7A7"
"155";3,26;0,0552;"TBX21 (inferredBy_Orthology). ";4;"BLVRB;CFP;NKG7;SLC7A7"
"156";3,26;0,0552;"NKX2-8 (directAnnotation). ";5;"FKBP1A;GCA;MYL12A;SLC7A7;VAMP5"
"157";3,26;0,0552;"GABPA (directAnnotation). ";6;"CORO1A;EVI2B;HSBP1;MYL12A;PRELID1;ZNHIT1"
"158";3,25;0,0552;"ISX (directAnnotation). ";4;"ASGR1;C3AR1;NRG1;PHC2"
"159";3,25;0,0551;"ERF; ETV3; ETV3L (inferredBy_Orthology). ";5;"EVI2B;FKBP1A;MYL12A;PRELID1;ZNHIT1"
"160";3,24;0,055;"";4;"GLIPR1;IFI16;KRT10;VAMP5"
"161";3,24;0,055;"";3;"CSTA;PHC2;SLC7A7"
"162";3,24;0,055;"FOXB1 (directAnnotation). ";3;"CD37;CLIC1;VAMP5"
"163";3,23;0,0549;"ETV4 (directAnnotation). ";9;"COPE;CORO1A;EVI2B;FKBP1A;HSBP1;MYL12A;PHC2;PRELID1;ZNHIT1"
"164";3,23;0,0549;"ELK3 (inferredBy_Orthology). ";5;"EVI2B;HSBP1;MYL12A;PRELID1;ZNHIT1"
"165";3,23;0,0548;"";10;"ASGR1;C3AR1;CALM2;CPPED1;GMFG;HSBP1;JDP2;MYL12A;SLC7A7;TKT"
"166";3,22;0,0548;"FOXA2 (directAnnotation). ";3;"CD37;CLIC1;VAMP5"
"167";3,22;0,0547;"YY1; YY2 (inferredBy_Orthology). ";15;"BAX;C3AR1;CALM2;COTL1;CSTA;EIF1AY;HMGB2;IFITM2;JDP2;KRT10;LY96;SLC7A7;STX10;TRMT1;ZNHIT1"
"168";3,21;0,0546;"SAP30 (directAnnotation). ";3;"HMGB2;SLC7A7;TRMT1"
"169";3,21;0,0546;"ELK1 (directAnnotation). ";5;"EVI2B;HSBP1;MYL12A;PRELID1;ZNHIT1"
"170";3,2;0,0546;"IRF1 (directAnnotation). ";15;"COTL1;DYNLT1;EVI2B;GCA;GLIPR1;JDP2;KRT10;MNDA;PHC2;PSMA2;PSMB8;PSMB9;SLC7A7;TKT;TNFSF13B"
"171";3,19;0,0544;"ELK3 (directAnnotation). ";3;"MYL12A;PRELID1;ZNHIT1"
"172";3,19;0,0544;"ELK4 (directAnnotation). ";6;"CORO1A;EVI2B;HSBP1;MYL12A;PRELID1;ZNHIT1"
"173";3,19;0,0544;"ZNF420 (directAnnotation). ";8;"CKLF;FKBP1A;HMGB2;MYL12A;NRG1;PLBD1;REEP5;SLC7A7"
"174";3,19;0,0544;"";3;"GCA;HMGB2;NRG1"
"175";3,19;0,0544;"CLOCK; EVX1 (directAnnotation). ";5;"BLVRB;FKBP1A;GCA;LY96;NRG1"
"176";3,19;0,0543;"";5;"DYNLT1;HMGB2;SLC7A7;TALDO1;TKT"
"177";3,18;0,0543;"";2;"CORO1A;SH3BGRL3"
"178";3,18;0,0543;"MYC (directAnnotation). ";4;"JDP2;KRT10;LY96;SLC7A7"
"179";3,18;0,0542;"EOMES; ETV5 (directAnnotation). ";4;"CORO1A;HMGB2;HSBP1;PRELID1"
"180";3,18;0,0542;"ERF; ETV3; ETV3L (inferredBy_Orthology). ";5;"EVI2B;FKBP1A;MYL12A;PRELID1;ZNHIT1"
"181";3,18;0,0542;"OSR2 (directAnnotation). ";4;"C3AR1;CALM2;JDP2;NRG1"
"182";3,18;0,0542;"FLI1 (directAnnotation). ";5;"EVI2B;HSBP1;MYL12A;PRELID1;ZNHIT1"
"183";3,17;0,0542;"ELK3; TEAD4 (directAnnotation). ";9;"CLIC1;EVI2B;IFI16;JDP2;LY96;NRG1;PLBD1;SLC7A7;VPS29"
"184";3,17;0,0541;"HOXD12 (directAnnotation). ";5;"C3AR1;HMGB2;NRG1;PSMB6;TRAPPC5"
"185";3,17;0,0541;"ZNF780B (directAnnotation). ";14;"C3AR1;CLIC1;COTL1;GCA;HMGB2;HSBP1;IFI16;JDP2;MSRB2;MYL12A;NRG1;PHC2;SH3BGRL3;SLC7A7"
"186";3,17;0,0541;"";5;"CALM2;HMGB2;JDP2;MYL12A;PHC2"
"187";3,16;0,0539;"CEBPE (directAnnotation). ";11;"BLVRB;CLIC1;GCA;JDP2;KRT10;MSRB2;PHC2;REEP5;SLC7A7;TKT;TNFSF13B"
"188";3,15;0,0539;"FOXD1 (directAnnotation). ";8;"CD37;GCA;HMGB2;HSBP1;NRG1;PHC2;POLE4;SLC7A7"
"189";3,15;0,0538;"CEBPB (directAnnotation). ";5;"COTL1;JDP2;NRG1;PHC2;PLBD1"
"190";3,15;0,0538;"";3;"NRG1;PHC2;REEP5"
"191";3,14;0,0538;"GABPA (directAnnotation). ";5;"EVI2B;HSBP1;MYL12A;PRELID1;ZNHIT1"
"192";3,14;0,0538;"GRHL1 (directAnnotation). ";8;"CLIC1;DYNLT1;FBP1;FKBP1A;HMGB2;NRG1;PLBD1;SLC7A7"
"193";3,14;0,0537;"AIRE; TRIM24; TRIM28; TRIM33; TRIM66 (inferredBy_Orthology). ";4;"CFP;COX7A2;NRG1;SLC7A7"
"194";3,13;0,0537;"ESRRG (directAnnotation). ";5;"BAX;CPPED1;NRG1;REEP5;SLC7A7"
"195";3,13;0,0536;"CEBPB (inferredBy_Orthology). ";11;"BLVRB;COTL1;GCA;HMGB2;JDP2;LY96;MNDA;NRG1;PHC2;PLBD1;SLC7A7"
"196";3,12;0,0535;"";4;"CLIC1;CSTA;MYL12A;NRG1"
"197";3,11;0,0534;"FOXB1 (directAnnotation). ";3;"CD37;CLIC1;VAMP5"
"198";3,11;0,0534;"";2;"CLIC1;PHC2"
"199";3,11;0,0533;"NKX2-8 (directAnnotation). ";4;"FKBP1A;MYL12A;SLC7A7;VAMP5"
"200";3,11;0,0533;"FLI1 (inferredBy_Orthology). ";4;"CORO1A;MYL12A;PRELID1;ZNHIT1"
